time,sim_time,TESIS_0_x,TESIS_0_y,TESIS_0_speed,TESIS_0_angle
0.0,0.0,1510.8434145682415,2098.926734807674,5.039742684152998,270.4059151892855
0.1,0.1,1510.3444612744217,2098.928855239069,5.017818276220935,270.3224719699182
0.2,0.2,1509.8537395647204,2098.9294603162425,5.068001332091409,270.26451042837095
0.30000000000000004,0.30000000000000004,1509.3541221038522,2098.930929247125,5.041912626311521,270.2283477662585
0.4,0.4,1508.8607395362812,2098.931506071026,5.032138459033202,270.2004920873452
0.5,0.5,1508.3672053450946,2098.9325772968796,5.043200955986227,270.1984519771297
0.6,0.6,1507.8589110539085,2098.9355342637264,5.015696526424593,270.2252331905945
0.7,0.7,1507.3607190452667,2098.9385866701673,5.048137594590316,270.2513296246836
0.7999999999999999,0.7999999999999999,1506.878387260165,2098.9418058889455,5.026966968721614,270.2946509358216
0.8999999999999999,0.8999999999999999,1506.37753294224,2098.945658290763,5.038195683577974,270.34141099414296
0.9999999999999999,0.9999999999999999,1505.88367342547,2098.949751458198,5.030387875611228,270.3849264735167
1.0999999999999999,1.0999999999999999,1505.3939382746871,2098.9545515179557,5.0436652036916385,270.40947184560093
1.2,1.2,1504.8663292039225,2098.9603539417267,5.02450558646771,270.43077649519887
1.3,1.3,1504.3792071070875,2098.965852989368,5.01937462275924,270.4581580258944
1.4000000000000001,1.4000000000000001,1503.8790394848222,2098.9708385983304,5.024570956944994,270.4877474909327
1.5000000000000002,1.5000000000000002,1503.382714350609,2098.976197894509,5.035558594871542,270.5162151425003
1.6000000000000003,1.6000000000000003,1502.8967958831647,2098.9815891932017,5.007741759173132,270.53919230013935
1.7000000000000004,1.7000000000000004,1502.414761191109,2098.987969983337,5.017690328586664,270.5547974831794
1.8000000000000005,1.8000000000000005,1501.9180970606726,2098.9944297916154,5.021385142599076,270.58278861121886
1.9000000000000006,1.9000000000000006,1501.427300891557,2099.000959308691,5.020958814092904,270.60101237968274
2.0000000000000004,2.0000000000000004,1500.9358938371208,2099.0064903486777,5.02696346508627,270.62597051162277
2.1000000000000005,2.1000000000000005,1500.4521114227023,2099.01351937929,5.005834063798045,270.65033558925126
2.2000000000000006,2.2000000000000006,1499.9497095541437,2099.0224084056836,5.010919366611019,270.6863296564317
2.3000000000000007,2.3000000000000007,1499.4639593115407,2099.028803218279,5.012120062327686,270.7061297079517
2.400000000000001,2.400000000000001,1498.957207853309,2099.0361921235444,5.0000383277640665,270.7398638583419
2.500000000000001,2.500000000000001,1498.464089023939,2099.045000308872,5.009226096836675,270.7833923687535
2.600000000000001,2.600000000000001,1497.9681316465872,2099.053827281638,5.003918604904124,270.82726432937693
2.700000000000001,2.700000000000001,1497.504428368423,2099.062947791578,4.983665194922846,270.8593336139128
2.800000000000001,2.800000000000001,1497.020471690954,2099.072307507957,5.01403277535228,270.87984179208564
2.9000000000000012,2.9000000000000012,1496.503414237728,2099.082697579358,5.002475319487633,270.8907667753741
3.0000000000000013,3.0000000000000013,1496.0201602642182,2099.092124406801,4.99203939240828,270.9079877455833
3.1000000000000014,3.1000000000000014,1495.5172188146958,2099.102105960027,4.983477614685334,270.94750178210387
3.2000000000000015,3.2000000000000015,1495.0248333142376,2099.112168532502,4.994497396565223,270.9865023449833
3.3000000000000016,3.3000000000000016,1494.53062991299,2099.122411634636,5.008509469313002,271.0045975326765
3.4000000000000017,3.4000000000000017,1494.0202872525572,2099.133278975162,4.993446151068673,271.00395794198334
3.5000000000000018,3.5000000000000018,1493.5305050376542,2099.1420869666867,4.990815773307503,270.98397891880444
3.600000000000002,3.600000000000002,1493.0391978401467,2099.1508125347464,4.988661380292609,270.96027612771854
3.700000000000002,3.700000000000002,1492.5444015201958,2099.1591571301406,4.984245751123027,270.9314940981048
3.800000000000002,3.800000000000002,1492.037288673745,2099.1670660879645,4.9780720844683755,270.90225879682583
3.900000000000002,3.900000000000002,1491.5448490492072,2099.175082687105,4.998040079504857,270.8824538660946
4.000000000000002,4.000000000000002,1491.0575536452739,2099.182132860597,4.9901446388020085,270.8524644660106
4.100000000000001,4.100000000000001,1490.592413802225,2099.188920038281,4.985288422006985,270.8319341973304
4.200000000000001,4.200000000000001,1490.083519979951,2099.1973347014887,4.981613455888418,270.8214643435633
4.300000000000001,4.300000000000001,1489.579014063335,2099.204407715604,4.9781161496472235,270.82386546774245
4.4,4.4,1489.082557817076,2099.211105603225,4.974670003630778,270.8042096752326
4.5,4.5,1488.6042334123028,2099.2171916647903,4.971233963337307,270.7977487493535
4.6,4.6,1488.099442042041,2099.2226963468274,4.961263942438338,270.7807148011522
4.699999999999999,4.699999999999999,1487.5972327149284,2099.227635544673,4.970178363539021,270.7793637761154
4.799999999999999,4.799999999999999,1487.1169340443275,2099.2339788455556,4.967182031350573,270.7873178943747
4.899999999999999,4.899999999999999,1486.6294427828104,2099.2407982223726,4.957173945136127,270.8073599517487
4.999999999999998,4.999999999999998,1486.1431491660708,2099.2468947705083,4.954612452529265,270.82584618938506
5.099999999999998,5.099999999999998,1485.654394225653,2099.2524808292965,4.963310170641261,270.8317775915912
5.1999999999999975,5.1999999999999975,1485.1674036938898,2099.2597853469733,4.942273225569171,270.83076161261357
5.299999999999997,5.299999999999997,1484.6940252040263,2099.2647974647207,4.949387906345968,270.8324212949904
5.399999999999997,5.399999999999997,1484.2028861682684,2099.2723157306423,4.949685364998839,270.84118720346663
5.4999999999999964,5.4999999999999964,1483.7004462285709,2099.278169822635,4.941659495195431,270.8277240939777
5.599999999999996,5.599999999999996,1483.2160240002772,2099.28306037189,4.96151251645498,270.8276674595689
5.699999999999996,5.699999999999996,1482.739405724741,2099.2885271548685,4.954327926862638,270.8388403213485
5.799999999999995,5.799999999999995,1482.234037893439,2099.295939853022,4.934956864437397,270.84605440877493
5.899999999999995,5.899999999999995,1481.744033479698,2099.3013899653783,4.9426139630084105,270.8117179491575
5.999999999999995,5.999999999999995,1481.2337857462815,2099.3063162645694,4.95286270084596,270.7534636040854
6.099999999999994,6.099999999999994,1480.7422567088902,2099.3097077635166,4.944571788316438,270.70153616460806
6.199999999999994,6.199999999999994,1480.2542348021323,2099.312208111943,4.934487612185475,270.65738582317215
6.299999999999994,6.299999999999994,1479.7704885871103,2099.315663728831,4.939363524873562,270.6327815957612
6.399999999999993,6.399999999999993,1479.2750668415238,2099.318577373823,4.940725394576971,270.62365323117643
6.499999999999993,6.499999999999993,1478.7663313378353,2099.3213347458286,4.9423075377993335,270.6179895156839
6.5999999999999925,6.5999999999999925,1478.3001850999124,2099.3235941846506,4.923434990437621,270.6065930054249
6.699999999999992,6.699999999999992,1477.8203548097274,2099.3269397855697,4.938128388006829,270.5778260328569
6.799999999999992,6.799999999999992,1477.3250812617948,2099.3298524748857,4.919526856647769,270.54732967873446
6.8999999999999915,6.8999999999999915,1476.858063476746,2099.3311416170422,4.9274587779972805,270.50863338606854
6.999999999999991,6.999999999999991,1476.368277577753,2099.3340376615233,4.92512319944901,270.47688893482814
7.099999999999991,7.099999999999991,1475.8640379497388,2099.3364158739587,4.92907907923248,270.4584031447358
7.19999999999999,7.19999999999999,1475.3801386790237,2099.338488308743,4.916464011301356,270.46091150560136
7.29999999999999,7.29999999999999,1474.8999244987951,2099.3420869226265,4.910745621596743,270.49875092484973
7.39999999999999,7.39999999999999,1474.409953313299,2099.345664776347,4.922155756230349,270.550053940805
7.499999999999989,7.499999999999989,1473.9328572533288,2099.3506348373016,4.919460674660097,270.6057384773961
7.599999999999989,7.599999999999989,1473.4516736886571,2099.3557699894077,4.912818543436828,270.67086457895755
7.699999999999989,7.699999999999989,1472.9595031575993,2099.362586048498,4.906044705472368,270.7366706967624
7.799999999999988,7.799999999999988,1472.4618739926602,2099.3697721086605,4.913316058614338,270.8188376681532
7.899999999999988,7.899999999999988,1471.9854686993483,2099.3774104417907,4.915519810889524,270.9114931743006
7.999999999999988,7.999999999999988,1471.5049758372638,2099.3873224682834,4.87996621647642,271.0503424561212
8.099999999999987,8.099999999999987,1471.0228593032105,2099.3994612170923,4.901543416479251,271.2112148847376
8.199999999999987,8.199999999999987,1470.545013624526,2099.412674518095,4.896650203770279,271.3540474187087
8.299999999999986,8.299999999999986,1470.058616599221,2099.4266492211786,4.8941067382646795,271.4711393130927
8.399999999999986,8.399999999999986,1469.5684707312855,2099.4402002230113,4.893146325877179,271.56658012422395
8.499999999999986,8.499999999999986,1469.0888300063864,2099.455395361836,4.883145083376364,271.62294988963856
8.599999999999985,8.599999999999985,1468.6149651832634,2099.4699663543224,4.873833478359222,271.66993586273594
8.699999999999985,8.699999999999985,1468.133049767316,2099.4848177004565,4.8804208577385575,271.6967962526644
8.799999999999985,8.799999999999985,1467.6382948604844,2099.499210915626,4.879047928487534,271.7107287661208
8.899999999999984,8.899999999999984,1467.1609924835636,2099.512979540235,4.898233478968576,271.6879926497077
8.999999999999984,8.999999999999984,1466.6864063977669,2099.5267536574106,4.885985304586432,271.61872552385074
9.099999999999984,9.099999999999984,1466.200704664134,2099.5364755404244,4.877949667936741,271.52700837210335
9.199999999999983,9.199999999999983,1465.721945287748,2099.5456572530306,4.88698380505949,271.39140136673194
9.299999999999983,9.299999999999983,1465.2392169673938,2099.5537117451877,4.8825009516595745,271.2404904350601
9.399999999999983,9.399999999999983,1464.7500160684008,2099.559323136426,4.870476940913557,271.08694891590886
9.499999999999982,9.499999999999982,1464.2641482646359,2099.5636555032065,4.897030449132,270.9511429413263
9.599999999999982,9.599999999999982,1463.7836075828016,2099.567486517511,4.889179332255584,270.82358104671846
9.699999999999982,9.699999999999982,1463.3088098757437,2099.571310658263,4.8824978002615635,270.71211928507586
9.799999999999981,9.799999999999981,1462.8164858866865,2099.573836932528,4.895304314960719,270.61671463382544
9.89999999999998,9.89999999999998,1462.3289963708605,2099.574702358056,4.899737308483086,270.55588827495035
9.99999999999998,9.99999999999998,1461.8393465866477,2099.5770314392853,4.862597523064567,270.53046579976376
10.09999999999998,10.09999999999998,1461.3626833064072,2099.580200820525,4.889892776646592,270.51837075573724
10.19999999999998,10.19999999999998,1460.8850556429618,2099.5828660376324,4.868905344383474,270.51503801342324
10.29999999999998,10.29999999999998,1460.402424388938,2099.5858343990644,4.868979548371534,270.53486579576634
10.399999999999979,10.399999999999979,1459.932365609212,2099.5898818611768,4.877666476611091,270.5790979142669
10.499999999999979,10.499999999999979,1459.4515141185514,2099.5938267225365,4.87032133579314,270.6754105836555
10.599999999999978,10.599999999999978,1458.9717807625955,2099.600036962384,4.868491307300383,270.7781524424306
10.699999999999978,10.699999999999978,1458.4994748979607,2099.609269023894,4.8596838719087145,270.8661311083809
10.799999999999978,10.799999999999978,1458.0205127171123,2099.615792550559,4.862761411085773,270.9451006317752
10.899999999999977,10.899999999999977,1457.536553463263,2099.624144227469,4.849140413426574,271.0122483743225
10.999999999999977,10.999999999999977,1457.0527632538083,2099.6323308541027,4.854735405213789,271.0361844640844
11.099999999999977,11.099999999999977,1456.551298992218,2099.6406533896657,4.86440896529787,271.0460319018269
11.199999999999976,11.199999999999976,1456.0644254462222,2099.6483259272954,4.852872706452792,271.0469733577144
11.299999999999976,11.299999999999976,1455.5991796617043,2099.655386701797,4.835410699447189,271.0379446110341
11.399999999999975,11.399999999999975,1455.1211053065529,2099.6630083302866,4.840307391274774,270.9937749992708
11.499999999999975,11.499999999999975,1454.6346991412795,2099.668149079382,4.83443883958823,270.8913723671242
11.599999999999975,11.599999999999975,1454.1669782508425,2099.672490051978,4.825405722265959,270.8172895058273
11.699999999999974,11.699999999999974,1453.6866521705178,2099.6753688332856,4.821267545329304,270.736159134703
11.799999999999974,11.799999999999974,1453.2024605388858,2099.6783114786163,4.820139210598385,270.68726599593754
11.899999999999974,11.899999999999974,1452.7365467066932,2099.6814918355035,4.799010133641084,270.6258693786001
11.999999999999973,11.999999999999973,1452.261050257619,2099.682899296193,4.815469286592499,270.58774039573177
12.099999999999973,12.099999999999973,1451.7916723048415,2099.684943632536,4.7986147380893005,270.5455232186073
12.199999999999973,12.199999999999973,1451.3089458690654,2099.687595326178,4.791474874226808,270.5009050560767
12.299999999999972,12.299999999999972,1450.8417951223735,2099.6889686430045,4.838743512692811,270.44404183509465
12.399999999999972,12.399999999999972,1450.3565114647236,2099.6905960891204,5.00463871399913,270.4021661067339
12.499999999999972,12.499999999999972,1449.9088085355193,2099.6909122332113,5.026718727383109,270.3768385196671
12.599999999999971,12.599999999999971,1449.4423012478244,2099.6924801771816,4.9987326515512684,270.3726624084807
12.69999999999997,12.69999999999997,1448.9792216499745,2099.694156983986,4.955569133458205,270.3699787634778
12.79999999999997,12.79999999999997,1448.5137783489529,2099.6957873354104,4.917568020244715,270.3783323430314
12.89999999999997,12.89999999999997,1448.0448714804506,2099.6986073917224,4.894251939858823,270.39491026401953
12.99999999999997,12.99999999999997,1447.5626006527089,2099.7004833319047,4.850432728776501,270.41858274026873
13.09999999999997,13.09999999999997,1447.0865701725381,2099.7039065144586,4.815203567297045,270.46516742864253
13.199999999999969,13.199999999999969,1446.6255092986548,2099.708478686462,4.769530945054876,270.5110744276434
13.299999999999969,13.299999999999969,1446.1550934440918,2099.7119457320982,4.747546962269716,270.55561691602213
13.399999999999968,13.399999999999968,1445.6719661205937,2099.7173380079,4.731654073883488,270.57368986057526
13.499999999999968,13.499999999999968,1445.2026139998852,2099.7218699201817,4.746350167601713,270.57616073985656
13.599999999999968,13.599999999999968,1444.7401672721808,2099.7262082062293,4.740052247566165,270.57117586183494
13.699999999999967,13.699999999999967,1444.2708967277579,2099.7299556962334,4.724522087500411,270.56100712368413
13.799999999999967,13.799999999999967,1443.7976858962259,2099.7346570953146,4.717232694325876,270.5518742892207
13.899999999999967,13.899999999999967,1443.3327960991473,2099.7387702817514,4.711139117083556,270.53237793887416
13.999999999999966,13.999999999999966,1442.8735135566767,2099.7416164165675,4.716388868015653,270.5095922188007
14.099999999999966,14.099999999999966,1442.414869738421,2099.744856029173,4.709525577198593,270.4888919517103
14.199999999999966,14.199999999999966,1441.95441206839,2099.7484816616143,4.709596164401377,270.46998502115304
14.299999999999965,14.299999999999965,1441.4943302761624,2099.751315775964,4.699555074605734,270.45285727249734
14.399999999999965,14.399999999999965,1441.0112327450067,2099.755083489242,4.685930966833051,270.42576213111136
14.499999999999964,14.499999999999964,1440.548551943725,2099.7576582239194,4.697565694802287,270.4023646764934
14.599999999999964,14.599999999999964,1440.080417278982,2099.7603847053624,4.686905508723385,270.3900993709213
14.699999999999964,14.699999999999964,1439.6316633444756,2099.763463740132,4.68538737151535,270.3915900517426
14.799999999999963,14.799999999999963,1439.1620373419776,2099.766831128922,4.676651303184049,270.4225968630353
14.899999999999963,14.899999999999963,1438.694022933483,2099.7710500532203,4.672193823777669,270.4793848463228
14.999999999999963,14.999999999999963,1438.2392923665602,2099.7768668425383,4.6688405341919506,270.5532821865626
15.099999999999962,15.099999999999962,1437.7646962429644,2099.7826119701854,4.665650300620097,270.64053046211853
15.199999999999962,15.199999999999962,1437.3046303622618,2099.789442376879,4.6513827637062795,270.7007911837267
15.299999999999962,15.299999999999962,1436.8414002850934,2099.796210405325,4.642281289236467,270.7366201761869
15.399999999999961,15.399999999999961,1436.3861676099148,2099.8027128149897,4.646386771356321,270.76295080529195
15.499999999999961,15.499999999999961,1435.9172241987185,2099.8088574484855,4.633621495982441,270.78000527774077
15.59999999999996,15.59999999999996,1435.4657818418436,2099.815376992979,4.628698432159512,270.794892524585
15.69999999999996,15.69999999999996,1435.0168257197288,2099.8226370332663,4.615572785679284,270.8088934479688
15.79999999999996,15.79999999999996,1434.5638300328324,2099.8291313724426,4.6119810379287065,270.8093930630713
15.89999999999996,15.89999999999996,1434.113206269701,2099.834921267248,4.604860708813276,270.8023448259727
15.99999999999996,15.99999999999996,1433.6448451586284,2099.8419026837005,4.594077049061364,270.79591356176337
16.09999999999996,16.09999999999996,1433.1838333443457,2099.847306353165,4.598573717632868,270.79879861108014
16.19999999999996,16.19999999999996,1432.7345775732533,2099.8535777406164,4.5875483885902995,270.8086486597369
16.29999999999996,16.29999999999996,1432.2800290837959,2099.859955350565,4.578846576045441,270.8268682570035
16.399999999999963,16.399999999999963,1431.822573428448,2099.867075936256,4.5723919929921495,270.84743825849665
16.499999999999964,16.499999999999964,1431.3561053887472,2099.874071657925,4.562139420197491,270.8616715891615
16.599999999999966,16.599999999999966,1430.898523539254,2099.8814406354563,4.551497223630694,270.87087579509756
16.699999999999967,16.699999999999967,1430.4534288264313,2099.8884454282806,4.543573080518864,270.8831377775083
16.79999999999997,16.79999999999997,1430.0043743346966,2099.8952441043834,4.543614480229862,270.88784293032563
16.89999999999997,16.89999999999997,1429.5668342707618,2099.9021009818935,4.534554027661213,270.8891649046114
16.99999999999997,16.99999999999997,1429.1164860777772,2099.9107365479517,4.512659042370522,270.9037545000408
17.099999999999973,17.099999999999973,1428.6799546110512,2099.9168781131557,4.524210539642063,270.8972921067853
17.199999999999974,17.199999999999974,1428.2237055389764,2099.9240156022115,4.522281979163915,270.89800466340137
17.299999999999976,17.299999999999976,1427.7661954645548,2099.931324246234,4.5069969640479774,270.89136481573536
17.399999999999977,17.399999999999977,1427.3199640294822,2099.9378091808535,4.499935915138882,270.8837639920953
17.49999999999998,17.49999999999998,1426.8756310947604,2099.9449517711,4.4839164305082,270.87933419533607
17.59999999999998,17.59999999999998,1426.4368787701335,2099.9524349106005,4.487142271581308,270.87721806933365
17.69999999999998,17.69999999999998,1425.9981507469497,2099.958427461079,4.477876492714981,270.8876058637078
17.799999999999983,17.799999999999983,1425.5517099515228,2099.9659031928704,4.46569940927388,270.9086523798482
17.899999999999984,17.899999999999984,1425.1223682785198,2099.974300371858,4.474845237248171,270.92220339933897
17.999999999999986,17.999999999999986,1424.6753302074183,2099.9814009477873,4.4429234894449525,270.92192553914725
18.099999999999987,18.099999999999987,1424.2175094616337,2099.988134698403,4.443109762599955,270.8907218842384
18.19999999999999,18.19999999999999,1423.7961299072908,2099.994452642228,4.436780438302167,270.84191408384874
18.29999999999999,18.29999999999999,1423.3512885452078,2099.999738320688,4.42593743723121,270.7409793693048
18.39999999999999,18.39999999999999,1422.9146841878148,2100.0022672956534,4.419055439504009,270.6728613776021
18.499999999999993,18.499999999999993,1422.4622517231694,2100.0065843976827,4.418547515244131,270.61005969475224
18.599999999999994,18.599999999999994,1422.016997347143,2100.009066090627,4.413594937890802,270.55946210393444
18.699999999999996,18.699999999999996,1421.5883622461913,2100.0111890234784,4.409461795896542,270.50906912481923
18.799999999999997,18.799999999999997,1421.1535115883744,2100.0135073610627,4.390635525812484,270.45671387452035
18.9,18.9,1420.7285137113058,2100.0157515590213,4.378041591776886,270.4050195938857
19.0,19.0,1420.3287398106347,2100.0174893532785,4.584043436017204,270.33312140622934
19.1,19.1,1419.8546231370358,2100.0167021444886,4.610436125166225,270.27500192921894
19.200000000000003,19.200000000000003,1419.418359455282,2100.016059357615,4.568771137412496,270.21893888077943
19.300000000000004,19.300000000000004,1418.9756061467804,2100.014936926091,4.515726671977679,270.16246547895867
19.400000000000006,19.400000000000006,1418.5461424198625,2100.0143440390393,4.471250478634116,270.11501247697424
19.500000000000007,19.500000000000007,1418.1209775983505,2100.011693531006,4.435899784003502,270.07180410441765
19.60000000000001,19.60000000000001,1417.6877793729493,2100.010710633841,4.3907075968842255,270.03393873930446
19.70000000000001,19.70000000000001,1417.25837059656,2100.009025826996,4.333363895024949,270.00719624258426
19.80000000000001,19.80000000000001,1416.8323868022326,2100.0074294526135,4.285386035402079,269.9888295137655
19.900000000000013,19.900000000000013,1416.4061031134474,2100.0051268479956,4.249392474685713,269.96600528864366
20.000000000000014,20.000000000000014,1415.9822703054556,2100.0040799704443,4.25057316701341,269.94544580927567
20.100000000000016,20.100000000000016,1415.5706657750313,2100.0025260766292,4.244012307262327,269.93832103623885
20.200000000000017,20.200000000000017,1415.1474226682897,2100.0009018445594,4.243410924543621,269.944928048149
20.30000000000002,20.30000000000002,1414.718773338936,2099.9988793218035,4.21715393691687,269.95886764459505
20.40000000000002,20.40000000000002,1414.3079170178155,2099.998185631563,4.175832934246193,269.9783050496789
20.50000000000002,20.50000000000002,1413.8915607443373,2099.9966102854155,4.181717721120077,269.9892427939107
20.600000000000023,20.600000000000023,1413.4805965720209,2099.9959096733783,4.202141769502865,269.9980317701906
20.700000000000024,20.700000000000024,1413.0532417804352,2099.9955134221605,4.162683651409816,270.0225969117138
20.800000000000026,20.800000000000026,1412.6420187344,2099.9952780814424,4.141192683203253,270.0394507288296
20.900000000000027,20.900000000000027,1412.2394166140878,2099.9943644591813,4.130916220088703,270.0612679459317
21.00000000000003,21.00000000000003,1411.8359664628622,2099.994219171518,4.1085995828562085,270.08807014383586
21.10000000000003,21.10000000000003,1411.424866543903,2099.993926512369,4.121063639978499,270.12450876264694
21.20000000000003,21.20000000000003,1411.0177071452092,2099.993953282077,4.118387298742546,270.16072621036295
21.300000000000033,21.300000000000033,1410.6118409854103,2099.995746269168,4.08259203532548,270.1834034510865
21.400000000000034,21.400000000000034,1410.2094813070846,2099.9965999003493,4.082665073444492,270.1883140150742
21.500000000000036,21.500000000000036,1409.801586793333,2099.996246848225,4.071896222071255,270.2027979998576
21.600000000000037,21.600000000000037,1409.3945782126573,2099.9975833022395,4.06160149407438,270.2204720572771
21.70000000000004,21.70000000000004,1409.001983319201,2099.997625093597,4.056894700259383,270.2329313337927
21.80000000000004,21.80000000000004,1408.5946133414973,2099.9984282015575,4.044956517703095,270.22997883303793
21.90000000000004,21.90000000000004,1408.190073188309,2099.9995667977223,4.0378596549043735,270.21933954515504
22.000000000000043,22.000000000000043,1407.7909043224424,2100.0010596135567,4.0262666953072745,270.20577311129045
22.100000000000044,22.100000000000044,1407.3937578934197,2100.000877783756,4.010512678507091,270.1955054832586
22.200000000000045,22.200000000000045,1406.9982940536827,2100.0013134613055,4.011832186814398,270.17815310450703
22.300000000000047,22.300000000000047,1406.5930299371264,2100.0008670873467,4.018370205609816,270.14291466846925
22.40000000000005,22.40000000000005,1406.1896759080485,2100.000448054508,3.9932194360525064,270.11262834665916
22.50000000000005,22.50000000000005,1405.7861998757678,2100.000515179383,3.9720834828471165,270.08626425872166
22.60000000000005,22.60000000000005,1405.393872550062,2100.0001343706595,3.9595280678032365,270.067889025198
22.700000000000053,22.700000000000053,1404.9957685730785,2100.0001434326614,3.940941883769266,270.0416016225281
22.800000000000054,22.800000000000054,1404.5977634165483,2099.998996063203,3.922942497316705,270.0111596630414
22.900000000000055,22.900000000000055,1404.1999501220519,2099.9982307423115,3.9193720164501307,269.9689085908613
23.000000000000057,23.000000000000057,1403.8173594945167,2099.99725853536,3.8976333693191,269.932942183874
23.10000000000006,23.10000000000006,1403.4335412520643,2099.996424429026,3.8956061573220455,269.90267931911336
23.20000000000006,23.20000000000006,1403.040727938774,2099.995212363875,3.895729035580038,269.8817079857522
23.30000000000006,23.30000000000006,1402.6594331796002,2099.993339088289,3.845312431587183,269.8730371864037
23.400000000000063,23.400000000000063,1402.2766332410552,2099.9920786584808,3.8783773873406147,269.86312113880996
23.500000000000064,23.500000000000064,1401.8885638203403,2099.990834351057,3.8556956902897364,269.84111199441037
23.600000000000065,23.600000000000065,1401.5042330315391,2099.988854073328,3.828169327024044,269.8105134683588
23.700000000000067,23.700000000000067,1401.1261343108174,2099.9868373611907,3.823383169970015,269.76564629094173
23.800000000000068,23.800000000000068,1400.7458777184297,2099.9831431545945,3.8092178006358393,269.70846731337593
23.90000000000007,23.90000000000007,1400.3675499482097,2099.979461959754,3.783591410951613,269.67377787044506
24.00000000000007,24.00000000000007,1399.9796984172835,2099.976302315464,3.7687689063036918,269.6741069159056
24.100000000000072,24.100000000000072,1399.6012770895281,2099.9733889375834,3.7443691223617246,269.6985711046178
24.200000000000074,24.200000000000074,1399.2368352437927,2099.971514873775,3.7314820380164258,269.73335333599994
24.300000000000075,24.300000000000075,1398.875632446576,2099.970159231002,3.7155058217482133,269.78694862393087
24.400000000000077,24.400000000000077,1398.5030614486818,2099.9693021882485,3.7082501803393164,269.84486644395326
24.500000000000078,24.500000000000078,1398.1301089480066,2099.9680401932023,3.6976716188934065,269.90082577480035
24.60000000000008,24.60000000000008,1397.768255110832,2099.9677855931673,3.678591178502262,269.9805564554034
24.70000000000008,24.70000000000008,1397.4003839667332,2099.969366624173,3.633631301262168,270.09273129994807
24.800000000000082,24.800000000000082,1397.0349501176458,2099.972464691443,3.6820725935887157,270.22077055461835
24.900000000000084,24.900000000000084,1396.6760362611296,2099.9765317946913,3.6248878147506507,270.3584430204114
25.000000000000085,25.000000000000085,1396.3148969885794,2099.9825768330415,3.6173034585731925,270.48384377764694
25.100000000000087,25.100000000000087,1395.9520815573953,2099.9891427123794,3.604046668717342,270.6003602628512
25.200000000000088,25.200000000000088,1395.5973756153796,2099.996683610774,3.592758160640934,270.69378529080313
25.30000000000009,25.30000000000009,1395.2428734481598,2100.004494601808,3.5628349311040473,270.77637564001617
25.40000000000009,25.40000000000009,1394.882789832486,2100.011895269641,3.5712506807707602,270.8416923458657
25.500000000000092,25.500000000000092,1394.5262237133104,2100.020050609338,3.6023400018085843,270.88797971741195
25.600000000000094,25.600000000000094,1394.1687383489536,2100.028672060146,3.583063627390181,270.9251867387663
25.700000000000095,25.700000000000095,1393.8182636683555,2100.0374163018714,3.582922056307888,270.944686194548
25.800000000000097,25.800000000000097,1393.4679094651624,2100.045025818739,3.544418131348357,270.93128432484576
25.900000000000098,25.900000000000098,1393.1160801147034,2100.0521528379727,3.5363843530353893,270.90023982612166
26.0000000000001,26.0000000000001,1392.7619204327002,2100.0590403340984,3.538742980485584,270.8558887601074
26.1000000000001,26.1000000000001,1392.4097634071095,2100.065044369624,3.5216834721836103,270.81906418248735
26.200000000000102,26.200000000000102,1392.0597481482214,2100.0704407244007,3.527306696559577,270.7787497559249
26.300000000000104,26.300000000000104,1391.7140302834935,2100.0756460510097,3.504283764482695,270.7313236478321
26.400000000000105,26.400000000000105,1391.3687322626595,2100.078897410192,3.5098945839845785,270.68312942948984
26.500000000000107,26.500000000000107,1391.0250140947076,2100.082599900634,3.491900287353105,270.6469007398664
26.600000000000108,26.600000000000108,1390.671637896275,2100.0862848409097,3.4879927591431135,270.625128857041
26.70000000000011,26.70000000000011,1390.3279484266357,2100.088786890896,3.4966096395194737,270.61098499626735
26.80000000000011,26.80000000000011,1389.9761335941782,2100.092224077516,3.5005349594637942,270.6032553040859
26.900000000000112,26.900000000000112,1389.6175493527824,2100.095936869829,3.517646590581957,270.6112663449471
27.000000000000114,27.000000000000114,1389.2739364986692,2100.09955584592,3.5037507761183653,270.6063079610832
27.100000000000115,27.100000000000115,1388.9277253960058,2100.103152971905,3.472295813373898,270.6115562398711
27.200000000000117,27.200000000000117,1388.5910333685313,2100.105898566191,3.434031901057771,270.59690200114744
27.300000000000118,27.300000000000118,1388.2381007079036,2100.108544342966,3.5012590443503506,270.57294360438397
27.40000000000012,27.40000000000012,1387.9032298357718,2100.1105304570174,3.4683822660880907,270.54741392717375
27.50000000000012,27.50000000000012,1387.5696862966236,2100.11274451718,3.425625454238679,270.512292787606
27.600000000000122,27.600000000000122,1387.2184497509197,2100.1129026415488,3.4564294477745188,270.469718310344
27.700000000000124,27.700000000000124,1386.8755535839755,2100.1151688279174,3.444338013254006,270.4292728448181
27.800000000000125,27.800000000000125,1386.5407252165262,2100.1164021966065,3.427251644307717,270.38162023811356
27.900000000000126,27.900000000000126,1386.206822034728,2100.1163282886737,3.472431695007581,270.34199798456746
28.000000000000128,28.000000000000128,1385.8761348255298,2100.1172910103646,3.415390454201215,270.3300740078322
28.10000000000013,28.10000000000013,1385.5503461303424,2100.117779047418,3.3724215188070277,270.3160234034307
28.20000000000013,28.20000000000013,1385.218261489426,2100.118213628306,3.311906178176115,270.30390926848315
28.300000000000132,28.300000000000132,1384.8976411627527,2100.118718118103,3.2538585119094643,270.2901341281009
28.400000000000134,28.400000000000134,1384.5685124136044,2100.1192262018235,3.2092053038634702,270.28027330099656
28.500000000000135,28.500000000000135,1384.2394909279922,2100.1203268445915,3.2416236305485366,270.2782565700264
28.600000000000136,28.600000000000136,1383.9092278756566,2100.121491065308,3.2459224569253613,270.2912517442206
28.700000000000138,28.700000000000138,1383.5894655600732,2100.122783439696,3.2391280755047624,270.3132235507168
28.80000000000014,28.80000000000014,1383.2718639535024,2100.1242093682517,3.0466862142931186,270.3480947071982
28.90000000000014,28.90000000000014,1382.9604805188433,2100.1266557289596,2.8420942390053945,270.38366726747785
29.000000000000142,29.000000000000142,1382.6455823462209,2100.130108080761,2.7375787509558056,270.41728327748274
29.100000000000144,29.100000000000144,1382.336662901314,2100.1327538847036,2.4520973368927734,270.4510870268605
29.200000000000145,29.200000000000145,1382.0294869146105,2100.137168897903,2.672675008695614,270.48175355733997
29.300000000000146,29.300000000000146,1381.7131085474878,2100.1410327474355,2.8428346416890267,270.51537443679234
29.400000000000148,29.400000000000148,1381.417114403482,2100.1450463498745,2.46171435209291,270.53382786120125
29.50000000000015,29.50000000000015,1381.11982866842,2100.149453875864,2.1933886871899464,270.54068440279474
29.60000000000015,29.60000000000015,1380.8153139052026,2100.153321737879,2.1243165911216226,270.5216334795267
29.700000000000152,29.700000000000152,1380.5164757840091,2100.156494304949,2.430234852706515,270.51111774231805
29.800000000000153,29.800000000000153,1380.2208124694178,2100.1600507756334,2.8507890027381797,270.5048580054811
29.900000000000155,29.900000000000155,1379.9171059054827,2100.1636049227873,3.005816301261268,270.50971100170483
30.000000000000156,30.000000000000156,1379.6166579836395,2100.1666447459556,3.058731528801966,270.5090346422404
30.100000000000158,30.100000000000158,1379.3355396531338,2100.169536888316,3.1239598738523715,270.479969357143
30.20000000000016,30.20000000000016,1379.0610456751294,2100.173180510493,3.268620554473935,270.45200574928134
30.30000000000016,30.30000000000016,1378.7422982169958,2100.17425060472,3.2385886356797666,270.3959679668043
30.400000000000162,30.400000000000162,1378.445446870023,2100.174221573227,3.271276556973697,270.33211770239643
30.500000000000163,30.500000000000163,1378.1541371169224,2100.174966310693,3.235701413022753,270.28107328803566
30.600000000000165,30.600000000000165,1377.8488684450435,2100.1750157244282,3.166531881743499,270.22735486650663
30.700000000000166,30.700000000000166,1377.5661866832338,2100.1742737983604,3.116177471559369,270.2018326694157
30.800000000000168,30.800000000000168,1377.2735595946951,2100.174458692919,3.0345949647450148,270.18146815648083
30.90000000000017,30.90000000000017,1376.9744097555217,2100.1742298384556,2.9957172802211725,270.1268067190212
31.00000000000017,31.00000000000017,1376.6807099105524,2100.172972753929,2.972518856683784,270.0686256565849
31.100000000000172,31.100000000000172,1376.4008063102256,2100.1702314626637,2.953985709943519,269.99585967534057
31.200000000000173,31.200000000000173,1376.1168431062522,2100.1664417508814,2.9205206849816587,269.9148879475147
31.300000000000175,31.300000000000175,1375.817830168636,2100.1622378419947,2.9601839228000153,269.8264752318154
31.400000000000176,31.400000000000176,1375.5267623846285,2100.157479840157,2.942072507441699,269.7442791803877
31.500000000000178,31.500000000000178,1375.2428712069716,2100.15198092965,2.971692278239861,269.6726039458538
31.60000000000018,31.60000000000018,1374.956352191428,2100.1449049640587,2.9742398131388406,269.6017099566453
31.70000000000018,31.70000000000018,1374.6631140832667,2100.138778488259,2.976504144064767,269.5777267646921
31.800000000000182,31.800000000000182,1374.3723708259624,2100.135777183483,2.983192136895973,269.5786015532351
31.900000000000183,31.900000000000183,1374.0781524590898,2100.129126177888,3.006946174841563,269.5488315695917
32.000000000000185,32.000000000000185,1373.7927701611186,2100.124440979425,3.0252590033269797,269.5214150791419
32.100000000000186,32.100000000000186,1373.502144256933,2100.1193945815676,3.0057616417079767,269.50274636759247
32.20000000000019,32.20000000000019,1373.1984916169135,2100.112998748507,3.0342719702880205,269.48819079550844
32.30000000000019,32.30000000000019,1372.9031104015855,2100.109895995567,3.0618040346556294,269.48740242518176
32.40000000000019,32.40000000000019,1372.5852981811997,2100.1050417969027,3.2736888585392223,269.49931617698036
32.50000000000019,32.50000000000019,1372.3020500293305,2100.1003817367005,3.2941100749506096,269.52993429386026
32.60000000000019,32.60000000000019,1371.993226982905,2100.0988278035306,3.2814237541079603,269.5325808173638
32.700000000000195,32.700000000000195,1371.6785196249655,2100.0960196659544,3.289166925009942,269.48922890892436
32.800000000000196,32.800000000000196,1371.3766519368617,2100.092329616142,3.3711086802365084,269.4345795815267
32.9000000000002,32.9000000000002,1371.0482558678957,2100.0854648978648,3.475508008336043,269.380001967443
33.0000000000002,33.0000000000002,1370.7222252614777,2100.0796554093686,3.4760637641533543,269.3315745705691
33.1000000000002,33.1000000000002,1370.4041400049546,2100.073147261915,3.4760757845397086,269.2666882458715
33.2000000000002,33.2000000000002,1370.0783976218038,2100.0670439507044,3.4770326871856123,269.2031314441833
33.3000000000002,33.3000000000002,1369.748558831866,2100.059030573464,3.500737555250368,269.12948629773314
33.400000000000205,33.400000000000205,1369.408789394617,2100.05065090704,3.5353126013256704,269.0227970631443
33.500000000000206,33.500000000000206,1369.0744406151086,2100.0397570616356,3.522691526121253,268.88755697923125
33.60000000000021,33.60000000000021,1368.7332415524274,2100.0276365217496,3.5882473467242937,268.7292079163944
33.70000000000021,33.70000000000021,1368.3983172084786,2100.014404129827,3.6189874332506218,268.5933154742974
33.80000000000021,33.80000000000021,1368.043712137496,2100.0000736551974,3.6277920594268718,268.53971627593273
33.90000000000021,33.90000000000021,1367.697056545458,2099.9863992280743,3.6304805114614505,268.5300329263254
34.00000000000021,34.00000000000021,1367.3376472925736,2099.974495763834,3.6354966847159016,268.5794579123002
34.100000000000215,34.100000000000215,1366.9799482816609,2099.963251730291,3.661330652026043,268.67417787759274
34.200000000000216,34.200000000000216,1366.6335183695426,2099.9534098208233,3.652563076188248,268.78566691896935
34.30000000000022,34.30000000000022,1366.262937037695,2099.9460672990713,3.6933411536137393,268.9597251923817
34.40000000000022,34.40000000000022,1365.879556213503,2099.940619601575,3.7590278915282225,269.13632598491995
34.50000000000022,34.50000000000022,1365.503171224528,2099.9365951715554,3.865867756808891,269.3246487334601
34.60000000000022,34.60000000000022,1365.120602372072,2099.9357193578344,3.950097695189021,269.52766875753997
34.70000000000022,34.70000000000022,1364.7483261121597,2099.9382566775425,4.001765813400574,269.7577347263729
34.800000000000225,34.800000000000225,1364.3750912119563,2099.9413880168136,4.0111231848189055,269.9922457182297
34.900000000000226,34.900000000000226,1363.9898335315468,2099.9460891391363,3.9828280829275267,270.1923946814186
35.00000000000023,35.00000000000023,1363.6086919579914,2099.9568508988164,3.943974804160456,270.4353799216908
35.10000000000023,35.10000000000023,1363.2230758768367,2099.9691278406253,3.9487030342494696,270.64561543965175
35.20000000000023,35.20000000000023,1362.8308989587904,2099.9819492592615,3.9864974707565612,270.83271938345143
35.30000000000023,35.30000000000023,1362.4482665874154,2099.994254032268,3.9789655464814366,270.99069003016535
35.40000000000023,35.40000000000023,1362.0410618772785,2100.0149869272973,4.044488991027292,271.2383434062707
35.500000000000234,35.500000000000234,1361.634757926587,2100.0338796217056,4.140430324211895,271.4566853032876
35.600000000000236,35.600000000000236,1361.2433361487394,2100.054486662652,4.117795499551995,271.6604017386071
35.70000000000024,35.70000000000024,1360.856016690514,2100.075999469057,4.043548508470122,271.84531189441407
35.80000000000024,35.80000000000024,1360.4667747124438,2100.097985612016,4.138947687729081,272.0170764736626
35.90000000000024,35.90000000000024,1360.0607733588408,2100.1228469043353,4.186024986802945,272.17103311731796
36.00000000000024,36.00000000000024,1359.6582663027957,2100.147727696439,4.206069941183041,272.32219701170555
36.10000000000024,36.10000000000024,1359.2597179241227,2100.1724739471097,4.1692573265874255,272.4871050744051
36.200000000000244,36.200000000000244,1358.857398235191,2100.199067651625,4.193244033696282,272.66941480005045
36.300000000000246,36.300000000000246,1358.4670023391402,2100.2270575666867,4.153581098667841,272.85355073577597
36.40000000000025,36.40000000000025,1358.0670562120495,2100.255700883487,4.096074681832014,273.0449610622159
36.50000000000025,36.50000000000025,1357.6642812643722,2100.2829071618503,4.117027589062035,273.2096455369668
36.60000000000025,36.60000000000025,1357.273309690782,2100.3101441481344,4.175711588849929,273.3242194311945
36.70000000000025,36.70000000000025,1356.8781653514716,2100.346175666969,4.166112669481281,273.431966292095
36.80000000000025,36.80000000000025,1356.4779129484568,2100.376681659901,4.137764267867852,273.48155786880574
36.900000000000254,36.900000000000254,1356.0735846709304,2100.406797638555,4.132288229199123,273.51860103251573
37.000000000000256,37.000000000000256,1355.6719061453364,2100.4381579945684,4.1349719588958616,273.54818161666986
37.10000000000026,37.10000000000026,1355.2667340981366,2100.4683706769138,4.297178726124094,273.5307155088158
37.20000000000026,37.20000000000026,1354.854142566136,2100.4976473853194,4.3401424275919505,273.46354453642596
37.30000000000026,37.30000000000026,1354.438613178618,2100.525479790299,4.346380033842314,273.3666765502231
37.40000000000026,37.40000000000026,1354.036446526201,2100.552214582502,4.308966612952385,273.2451191008594
37.50000000000026,37.50000000000026,1353.6226704651006,2100.5767978999156,4.285083945718884,273.097853398826
37.600000000000264,37.600000000000264,1353.203256195872,2100.5980822421507,4.280318139163916,272.9074968113977
37.700000000000266,37.700000000000266,1352.780345495702,2100.6146410181686,4.490361788542825,272.69025027906366
37.80000000000027,37.80000000000027,1352.3667161003439,2100.6371796780713,4.508190035756802,272.40908069076727
37.90000000000027,37.90000000000027,1351.9433210807058,2100.654249837013,4.647233981012756,272.113351399112
38.00000000000027,38.00000000000027,1351.5249328963257,2100.6676479547364,4.629775134762617,271.79172384495166
38.10000000000027,38.10000000000027,1351.0940141247936,2100.6797102678615,4.550184102699418,271.4280446544916
38.20000000000027,38.20000000000027,1350.6669678366509,2100.68971066612,4.528924597963505,271.0588027935236
38.300000000000274,38.300000000000274,1350.2191443531697,2100.695776683471,4.508791092459706,270.70483401244013
38.400000000000276,38.400000000000276,1349.7698380559498,2100.6993668312025,4.502373266933265,270.40797057203974
38.50000000000028,38.50000000000028,1349.3183818949633,2100.7005338990034,4.542776131526924,270.1655025649528
38.60000000000028,38.60000000000028,1348.859095820815,2100.6982267342746,4.586526433589129,269.70544897578156
38.70000000000028,38.70000000000028,1348.4165183695025,2100.692500771386,4.634405359231433,269.45633507939795
38.80000000000028,38.80000000000028,1347.9746819293432,2100.6848237930917,4.651445042496513,269.27345704149207
38.90000000000028,38.90000000000028,1347.4983922027986,2100.6712142755955,4.639609070402114,268.90986708295577
39.000000000000284,39.000000000000284,1347.04148164923,2100.656378083732,4.577254141837544,268.7151339089174
39.100000000000286,39.100000000000286,1346.5917930278608,2100.6407401287915,4.554772371233253,268.55059190020677
39.20000000000029,39.20000000000029,1346.1402607524722,2100.6255485081824,4.520691398364339,268.42511092814334
39.30000000000029,39.30000000000029,1345.7106823603501,2100.610824018407,4.551494253425183,268.393328210791
39.40000000000029,39.40000000000029,1345.2689571261324,2100.597040372776,4.539173618696857,268.38856359929355
39.50000000000029,39.50000000000029,1344.8078764008412,2100.5846797896083,4.513900182548987,268.36183280261133
39.60000000000029,39.60000000000029,1344.3555678413677,2100.5725370996443,4.523442183267337,268.33086686849686
39.700000000000294,39.700000000000294,1343.9087974792483,2100.5604827723487,4.492354784220086,268.2713087260554
39.800000000000296,39.800000000000296,1343.4594104055896,2100.5507380162117,4.482833959174991,268.24044059326144
39.9000000000003,39.9000000000003,1343.00901421954,2100.5440507660733,4.47669948104758,268.2113779057209
40.0000000000003,40.0000000000003,1342.588837067834,2100.5274561561296,4.463503808601846,268.08741104640785
40.1000000000003,40.1000000000003,1342.1445678002306,2100.5137678669666,4.516952648432416,267.9962797699161
40.2000000000003,40.2000000000003,1341.7063829604026,2100.500301716335,4.827756051165681,267.86304224814677
40.3000000000003,40.3000000000003,1341.2642040153053,2100.489873581409,4.876254559487409,267.72933449735797
40.400000000000304,40.400000000000304,1340.8304346200991,2100.482692896047,4.869566883039001,267.62075801826404
40.500000000000306,40.500000000000306,1340.4036397866366,2100.46323239549,4.846989228773499,267.49306719312165
40.60000000000031,40.60000000000031,1339.9619220881677,2100.446449739502,4.8236053219021,267.41523239285175
40.70000000000031,40.70000000000031,1339.5219708582144,2100.4312435910438,4.953047340239087,267.35815127510796
40.80000000000031,40.80000000000031,1339.08016766807,2100.4153998004217,4.967193449203883,267.3097973293527
40.90000000000031,40.90000000000031,1338.6311987419847,2100.3997349412825,5.163518342794604,267.279010711194
41.00000000000031,41.00000000000031,1338.1883479566657,2100.383417911636,5.23724313922835,267.2613168415418
41.100000000000314,41.100000000000314,1337.745727525959,2100.366934330282,5.114694080925182,267.2759338625395
41.200000000000315,41.200000000000315,1337.2939848747587,2100.350004444886,5.160598109182611,267.30386682279067
41.30000000000032,41.30000000000032,1336.8330177517953,2100.3302235624456,5.153370631896105,267.3406317088834
41.40000000000032,41.40000000000032,1336.3765164003134,2100.312071870861,5.021865668901069,267.37763984183556
41.50000000000032,41.50000000000032,1335.9242879127623,2100.2969470205157,4.89080385071794,267.3853171308992
41.60000000000032,41.60000000000032,1335.4500012391366,2100.2742861671823,5.009985568999907,267.5032963612536
41.70000000000032,41.70000000000032,1334.9765627011016,2100.2566828739177,5.056691143267927,267.5434780757864
41.800000000000324,41.800000000000324,1334.5042102290001,2100.232812259728,5.057000032007359,267.71993429775006
41.900000000000325,41.900000000000325,1334.0293574865889,2100.213330917052,5.0005526827076725,267.83993528144555
42.00000000000033,42.00000000000033,1333.5592601803803,2100.1953607224104,4.9472930403264055,268.0121488683943
42.10000000000033,42.10000000000033,1333.0871051466447,2100.1794440334083,5.019216913777177,268.22534664065483
42.20000000000033,42.20000000000033,1332.611570702613,2100.167946899198,5.041098341818065,268.4535601973061
42.30000000000033,42.30000000000033,1332.1426672575476,2100.1594077865443,5.016638196220299,268.61994965245043
42.40000000000033,42.40000000000033,1331.650824599921,2100.1502297174147,5.046407563469865,268.8991823665346
42.500000000000334,42.500000000000334,1331.1663574474785,2100.1456034915095,5.121798565152351,269.0133993652402
42.600000000000335,42.600000000000335,1330.683386203796,2100.140899313869,5.061144181366124,269.2329502170842
42.70000000000034,42.70000000000034,1330.2064355833927,2100.1365860320143,5.009742505845579,269.3341726361851
42.80000000000034,42.80000000000034,1329.7260720869456,2100.133358759408,4.967800309592557,269.42607925764884
42.90000000000034,42.90000000000034,1329.2419779077552,2100.131495085423,4.938090041010154,269.5288525852333
43.00000000000034,43.00000000000034,1328.7453614281746,2100.1299098401764,4.912075369312561,269.63979721308584
43.10000000000034,43.10000000000034,1328.2524805397918,2100.130225597795,4.947109029270551,269.7650167421543
43.200000000000344,43.200000000000344,1327.7768981525746,2100.1318294765897,4.917152407864527,269.85827883925657
43.300000000000345,43.300000000000345,1327.3028326910276,2100.1336018158618,4.9081579746335935,269.9309032779887
43.40000000000035,43.40000000000035,1326.8137844809423,2100.13499534221,4.9387682343974495,269.9603123079329
43.50000000000035,43.50000000000035,1326.3305832107023,2100.138350673325,4.943805981167482,270.06863911320994
43.60000000000035,43.60000000000035,1325.8428851607564,2100.1430022435447,4.940921757253749,270.15542241545813
43.70000000000035,43.70000000000035,1325.357686878843,2100.1480162489834,4.948771734472745,270.2437152119261
43.80000000000035,43.80000000000035,1324.8744280512863,2100.1526127638854,4.936876929311465,270.31268638224833
43.900000000000354,43.900000000000354,1324.3740620944473,2100.1555419199294,4.959068724382522,270.3312448112922
44.000000000000355,44.000000000000355,1323.8808795790703,2100.1640913678775,4.9680530135779515,270.4222292890764
44.10000000000036,44.10000000000036,1323.4062588171075,2100.1708435252926,4.950918092075604,270.37391244662706
44.20000000000036,44.20000000000036,1322.9186748366349,2100.177486872176,4.972984122408055,270.45806759213525
44.30000000000036,44.30000000000036,1322.4338991306536,2100.1854707659795,4.934584372253402,270.55980786136473
44.40000000000036,44.40000000000036,1321.9551873516812,2100.193737523985,4.9761965756912225,270.65008250678073
44.50000000000036,44.50000000000036,1321.4808375605076,2100.2041590313565,4.9668626802019125,270.73685525047637
44.600000000000364,44.600000000000364,1321.006178344131,2100.2140385214584,4.96977760408209,270.7832412191093
44.700000000000365,44.700000000000365,1320.521699961134,2100.2169248426803,4.945712398157336,270.7779440853696
44.80000000000037,44.80000000000037,1320.0425194587879,2100.2245099589913,4.91735699297004,270.8202629816602
44.90000000000037,44.90000000000037,1319.566158788372,2100.24513311331,4.870112067951532,270.92710860525824
45.00000000000037,45.00000000000037,1319.0847641499874,2100.2572075096587,4.855464774513937,270.98174697168935
45.10000000000037,45.10000000000037,1318.6000056712173,2100.268988897764,4.848995042858349,271.0129387926466
45.20000000000037,45.20000000000037,1318.1218380195346,2100.2762887840972,4.848818132391422,270.99857765038183
45.300000000000374,45.300000000000374,1317.641790514497,2100.2929050615194,4.863753637890905,270.95178309716124
45.400000000000375,45.400000000000375,1317.1578075107336,2100.3052743780117,4.850036116802354,270.87320238680826
45.50000000000038,45.50000000000038,1316.6782930503596,2100.3160533229175,4.89140033234761,270.7828904986191
45.60000000000038,45.60000000000038,1316.1984816759639,2100.3254370124932,4.907061979918143,270.6713418186589
45.70000000000038,45.70000000000038,1315.7129819556783,2100.3312795206934,4.92370657510009,270.58314611344065
45.80000000000038,45.80000000000038,1315.2278660453953,2100.3375077876694,4.935472261029324,270.461103534954
45.90000000000038,45.90000000000038,1314.7376944013358,2100.344545238035,4.948778166541725,270.3208793862896
46.000000000000384,46.000000000000384,1314.231576497287,2100.3530259200616,4.972292489626607,270.0977357601699
46.100000000000385,46.100000000000385,1313.7540254911596,2100.353194577697,4.986428018916683,269.9767394463007
46.20000000000039,46.20000000000039,1313.2468208432929,2100.3555640762206,5.0036086328992875,269.6741297766724
46.30000000000039,46.30000000000039,1312.7354558333611,2100.3527582961433,5.012193545393295,269.4862328855829
46.40000000000039,46.40000000000039,1312.2433494005081,2100.3496197255913,5.014504188172806,269.33454405734096
46.50000000000039,46.50000000000039,1311.7495447886429,2100.344678841957,5.02184507305078,269.2554355970976
